Time,T1,T2,T3,T4,T5,T6,T7
0,36.7,30.7,27.2,25.0,23.7,23.1,22.8
2,36.7,30.8,27.2,25.0,23.7,23.1,22.8
4,36.7,30.8,27.2,25.0,23.7,23.1,22.8
6,36.8,30.8,27.2,25.1,23.8,23.1,22.8
8,36.8,30.9,27.2,25.1,23.8,23.1,22.8
10,36.8,30.9,27.3,25.1,23.8,23.1,22.9
12,36.8,30.9,27.3,25.1,23.8,23.1,22.9
14,36.9,30.9,27.3,25.1,23.8,23.2,22.9
16,36.9,31.0,27.4,25.1,23.8,23.2,22.9
18,36.9,31.0,27.4,25.2,23.8,23.2,22.9
20,37.0,31.0,27.4,25.2,23.8,23.2,22.9
22,37.0,31.0,27.4,25.2,23.8,23.2,22.9
24,37.0,31.0,27.4,25.2,23.8,23.2,22.9
26,37.1,31.1,27.4,25.2,23.8,23.2,22.9
28,37.1,31.1,27.4,25.2,23.9,23.2,22.9
30,37.2,31.1,27.4,25.2,23.9,23.2,23.0
32,37.2,31.2,27.5,25.2,23.9,23.2,23.0
34,37.2,31.2,27.5,25.3,23.9,23.3,23.0
36,37.3,31.2,27.5,25.3,23.9,23.3,23.0
38,37.3,31.2,27.6,25.3,23.9,23.3,23.0
40,37.3,31.2,27.6,25.3,23.9,23.3,23.0
42,37.3,31.2,27.6,25.3,23.9,23.3,23.0
44,37.4,31.2,27.6,25.3,23.9,23.3,23.0
46,37.4,31.3,27.6,25.3,23.9,23.3,23.0
48,37.4,31.3,27.6,25.3,23.9,23.3,23.0
50,37.4,31.3,27.6,25.4,24.0,23.3,23.0
52,37.4,31.3,27.6,25.4,23.9,23.3,23.0
54,37.4,31.4,27.7,25.4,24.0,23.3,23.0
56,37.5,31.4,27.7,25.4,24.0,23.3,23.1
58,37.6,31.5,27.7,25.4,24.0,23.4,23.1
60,37.6,31.5,27.7,25.4,24.0,23.4,23.1
62,37.7,31.5,27.8,25.4,24.0,23.4,23.1
64,37.7,31.6,27.8,25.4,24.0,23.4,23.1
66,37.7,31.6,27.8,25.5,24.1,23.4,23.1
68,37.8,31.6,27.9,25.5,24.1,23.4,23.1
70,37.8,31.6,27.9,25.5,24.1,23.4,23.1
72,37.8,31.7,27.9,25.6,24.1,23.4,23.1
74,37.9,31.7,27.9,25.6,24.1,23.4,23.1
76,37.9,31.7,28.0,25.6,24.1,23.4,23.1
78,37.9,31.7,28.0,25.6,24.1,23.4,23.1
80,37.9,31.7,28.0,25.6,24.1,23.4,23.2
82,38.0,31.8,28.0,25.6,24.2,23.5,23.2
84,38.0,31.8,28.0,25.6,24.2,23.5,23.2
86,38.1,31.8,28.0,25.6,24.2,23.5,23.2
88,38.1,31.8,28.0,25.6,24.2,23.5,23.2
90,38.1,31.8,28.1,25.6,24.2,23.5,23.2
92,38.2,31.9,28.1,25.7,24.2,23.5,23.2
94,38.2,31.9,28.1,25.7,24.2,23.5,23.2
96,38.2,31.9,28.1,25.7,24.2,23.5,23.2
98,38.2,31.9,28.1,25.7,24.2,23.5,23.2
100,38.3,31.9,28.1,25.7,24.2,23.5,23.2
102,38.3,31.9,28.1,25.7,24.2,23.5,23.3
104,38.3,32.0,28.1,25.7,24.3,23.6,23.3
106,38.3,32.0,28.2,25.7,24.3,23.6,23.3
108,38.4,32.0,28.2,25.8,24.3,23.6,23.3
110,38.4,32.1,28.2,25.8,24.3,23.6,23.3
112,38.5,32.1,28.2,25.8,24.3,23.6,23.3
114,38.5,32.1,28.2,25.8,24.3,23.6,23.3
116,38.5,32.1,28.3,25.8,24.4,23.6,23.3
118,38.6,32.1,28.3,25.8,24.4,23.6,23.3
120,38.6,32.1,28.3,25.9,24.4,23.6,23.4
122,38.6,32.2,28.3,25.9,24.4,23.6,23.4
124,38.6,32.3,28.3,25.9,24.4,23.7,23.4
126,38.7,32.3,28.3,25.9,24.4,23.7,23.4
128,38.7,32.3,28.4,25.9,24.4,23.7,23.4
130,38.7,32.3,28.4,25.9,24.5,23.7,23.4
132,38.7,32.4,28.4,26.0,24.5,23.7,23.4
134,38.8,32.4,28.5,26.0,24.5,23.7,23.4
136,38.8,32.4,28.5,26.0,24.4,23.7,23.4
138,38.8,32.4,28.5,26.0,24.4,23.7,23.4
140,38.8,32.4,28.5,26.0,24.4,23.7,23.4
142,38.9,32.5,28.5,26.0,24.5,23.7,23.4
144,38.9,32.5,28.5,26.0,24.5,23.8,23.4
146,38.9,32.5,28.5,26.1,24.5,23.8,23.5
148,39.0,32.5,28.5,26.1,24.5,23.8,23.5
150,39.0,32.5,28.6,26.1,24.6,23.8,23.5
152,39.0,32.5,28.6,26.1,24.6,23.8,23.5
154,39.1,32.6,28.6,26.1,24.6,23.8,23.5
156,39.1,32.6,28.6,26.1,24.6,23.8,23.5
158,39.1,32.6,28.6,26.1,24.6,23.8,23.5
160,39.2,32.6,28.7,26.1,24.6,23.8,23.5
162,39.2,32.6,28.7,26.1,24.6,23.8,23.5
164,39.1,32.6,28.7,26.1,24.6,23.8,23.5
166,39.2,32.6,28.7,26.1,24.6,23.8,23.5
168,39.2,32.7,28.7,26.1,24.6,23.8,23.5
170,39.2,32.7,28.7,26.2,24.6,23.8,23.5
172,39.3,32.7,28.7,26.2,24.6,23.9,23.5
174,39.3,32.8,28.8,26.2,24.6,23.9,23.6
176,39.3,32.8,28.8,26.2,24.6,23.9,23.6
178,39.3,32.8,28.8,26.2,24.6,23.9,23.6
180,39.4,32.8,28.8,26.3,24.6,23.9,23.5
182,39.4,32.8,28.8,26.3,24.6,23.9,23.6
184,39.5,32.8,28.8,26.2,24.6,23.9,23.6
186,39.5,32.7,28.7,26.2,24.6,23.9,23.6
188,39.5,32.7,28.6,26.2,24.6,23.9,23.6
190,39.5,32.7,28.7,26.2,24.6,23.9,23.6
192,39.5,32.8,28.8,26.2,24.6,23.9,23.6
194,39.6,32.9,28.8,26.3,24.7,24.0,23.6
196,39.6,33.0,28.8,26.3,24.7,24.0,23.6
198,39.6,33.0,28.9,26.4,24.8,24.0,23.7
200,39.7,33.0,28.9,26.4,24.8,24.0,23.7
202,39.7,33.0,28.9,26.4,24.8,24.0,23.7
204,39.7,33.0,28.9,26.4,24.8,24.0,23.7
206,39.8,33.1,28.9,26.4,24.9,24.0,23.7
208,39.8,33.1,29.0,26.5,24.9,24.1,23.7
210,39.8,33.1,29.0,26.5,24.9,24.1,23.7
212,39.8,33.1,29.0,26.5,24.9,24.1,23.7
214,39.8,33.1,29.1,26.5,24.9,24.1,23.7
216,39.9,33.2,29.1,26.5,24.8,24.1,23.7
218,39.9,33.2,29.1,26.5,24.8,24.1,23.7
220,39.9,33.2,29.1,26.5,24.8,24.1,23.8
222,39.9,33.2,29.1,26.5,24.9,24.1,23.8
224,39.9,33.2,29.1,26.5,24.9,24.1,23.8
226,39.9,33.2,29.1,26.5,24.9,24.1,23.8
228,40.0,33.3,29.1,26.5,24.9,24.1,23.8
230,40.0,33.3,29.1,26.5,24.9,24.1,23.8
232,40.0,33.4,29.2,26.6,24.9,24.1,23.8
234,40.1,33.4,29.2,26.6,24.9,24.1,23.8
236,40.2,33.5,29.2,26.6,25.0,24.2,23.8
238,40.2,33.5,29.2,26.6,25.0,24.2,23.8
240,40.2,33.5,29.3,26.7,25.0,24.2,23.8
242,40.2,33.5,29.3,26.7,25.0,24.2,23.8
244,40.3,33.5,29.3,26.6,25.0,24.2,23.9
246,40.3,33.5,29.3,26.7,25.0,24.2,23.9
248,40.3,33.5,29.3,26.7,25.0,24.2,23.9
250,40.3,33.5,29.3,26.7,25.0,24.2,23.9
252,40.4,33.6,29.3,26.7,25.1,24.2,23.9
254,40.4,33.5,29.3,26.7,25.1,24.3,23.9
256,40.4,33.5,29.4,26.7,25.0,24.3,23.9
258,40.4,33.6,29.4,26.7,25.1,24.3,23.9
260,40.5,33.6,29.4,26.8,25.1,24.3,23.9
262,40.5,33.6,29.4,26.7,25.1,24.3,23.9
264,40.5,33.6,29.4,26.8,25.1,24.3,23.9
266,40.6,33.6,29.4,26.8,25.1,24.3,23.9
268,40.6,33.7,29.4,26.8,25.1,24.3,24.0
270,40.6,33.7,29.4,26.8,25.1,24.3,24.0
272,40.6,33.7,29.4,26.8,25.1,24.3,24.0
274,40.7,33.7,29.5,26.8,25.2,24.3,24.0
276,40.7,33.6,29.5,26.8,25.1,24.3,24.0
278,40.7,33.6,29.4,26.8,25.1,24.4,24.0
280,40.7,33.6,29.4,26.8,25.1,24.4,24.0
282,40.7,33.7,29.4,26.8,25.1,24.4,24.0
284,40.8,33.7,29.4,26.8,25.1,24.4,24.0
286,40.8,33.7,29.5,26.8,25.1,24.4,24.0
288,40.8,33.8,29.5,26.9,25.1,24.4,24.0
290,40.9,33.9,29.6,26.9,25.2,24.4,24.0
292,40.9,33.9,29.6,26.9,25.2,24.4,24.1
294,40.9,34.0,29.7,27.0,25.2,24.4,24.1
296,40.9,34.0,29.7,27.0,25.3,24.4,24.1
298,40.9,34.0,29.7,27.0,25.3,24.5,24.1
300,41.0,34.0,29.7,27.0,25.3,24.5,24.1
302,41.0,34.0,29.7,27.0,25.3,24.5,24.1
304,41.0,34.0,29.8,27.0,25.3,24.5,24.1
306,41.1,34.1,29.8,27.1,25.3,24.5,24.1
308,41.1,34.1,29.8,27.1,25.3,24.5,24.1
310,41.1,34.1,29.8,27.1,25.3,24.5,24.1
312,41.2,34.1,29.8,27.1,25.3,24.5,24.2
314,41.2,34.1,29.8,27.1,25.3,24.5,24.2
316,41.2,34.2,29.9,27.1,25.3,24.5,24.2
318,41.2,34.2,29.9,27.1,25.3,24.5,24.2
320,41.2,34.2,29.9,27.1,25.3,24.5,24.2
322,41.3,34.2,29.9,27.1,25.3,24.6,24.2
324,41.3,34.2,29.9,27.1,25.4,24.6,24.2
326,41.3,34.3,29.9,27.2,25.4,24.6,24.2
328,41.4,34.3,30.0,27.2,25.4,24.6,24.2
330,41.4,34.3,30.0,27.2,25.4,24.6,24.2
332,41.4,34.3,30.0,27.2,25.4,24.6,24.2
334,41.5,34.3,30.0,27.2,25.5,24.6,24.3
336,41.5,34.3,30.0,27.2,25.5,24.6,24.3
338,41.5,34.4,30.0,27.2,25.5,24.6,24.3
340,41.5,34.4,30.0,27.3,25.5,24.6,24.3
342,41.6,34.4,30.0,27.3,25.5,24.6,24.3
344,41.6,34.4,30.0,27.3,25.5,24.7,24.3
346,41.6,34.5,30.1,27.3,25.5,24.7,24.3
348,41.6,34.5,30.1,27.3,25.5,24.7,24.3
350,41.6,34.5,30.1,27.3,25.5,24.7,24.3
352,41.6,34.5,30.1,27.3,25.5,24.7,24.3
354,41.7,34.5,30.1,27.3,25.5,24.7,24.3
356,41.7,34.5,30.2,27.4,25.5,24.7,24.3
358,41.7,34.6,30.2,27.4,25.5,24.7,24.3
360,41.7,34.6,30.2,27.4,25.5,24.7,24.4
362,41.8,34.6,30.2,27.4,25.6,24.7,24.4
364,41.8,34.6,30.2,27.4,25.6,24.8,24.4
366,41.8,34.6,30.3,27.4,25.6,24.8,24.4
368,41.8,34.7,30.3,27.4,25.6,24.8,24.4
370,41.9,34.7,30.3,27.4,25.6,24.8,24.4
372,41.9,34.7,30.3,27.4,25.6,24.8,24.4
374,41.9,34.7,30.3,27.4,25.6,24.8,24.4
376,41.9,34.7,30.3,27.4,25.6,24.8,24.4
378,41.9,34.7,30.3,27.4,25.6,24.8,24.4
380,42.0,34.7,30.3,27.4,25.6,24.8,24.5
382,42.0,34.7,30.3,27.4,25.6,24.8,24.4
384,42.0,34.8,30.3,27.5,25.6,24.8,24.5
386,42.1,34.8,30.3,27.5,25.6,24.8,24.5
388,42.1,34.8,30.3,27.5,25.7,24.8,24.5
390,42.1,34.8,30.3,27.5,25.7,24.8,24.5
392,42.1,34.9,30.4,27.5,25.7,24.8,24.5
394,42.1,34.9,30.4,27.5,25.7,24.9,24.5
396,42.2,34.9,30.4,27.5,25.7,24.9,24.5
398,42.2,34.8,30.4,27.6,25.7,24.9,24.5
400,42.2,34.8,30.4,27.6,25.7,24.9,24.5
402,42.2,34.8,30.3,27.5,25.7,24.9,24.5
404,42.3,34.8,30.3,27.6,25.7,24.9,24.5
406,42.3,34.8,30.4,27.6,25.7,24.9,24.5
408,42.3,34.9,30.4,27.6,25.7,24.9,24.5
410,42.3,34.9,30.5,27.6,25.7,24.9,24.5
412,42.4,35.0,30.5,27.6,25.7,24.9,24.6
414,42.4,35.0,30.6,27.7,25.7,25.0,24.6
416,42.4,35.1,30.6,27.7,25.8,25.0,24.6
418,42.4,35.1,30.6,27.7,25.8,25.0,24.6
420,42.4,35.1,30.6,27.7,25.8,25.0,24.6
422,42.5,35.1,30.6,27.8,25.8,25.0,24.6
424,42.5,35.2,30.6,27.8,25.9,25.0,24.6
426,42.5,35.2,30.6,27.8,25.9,25.0,24.7
428,42.6,35.1,30.6,27.8,25.9,25.0,24.7
430,42.6,35.0,30.5,27.7,25.8,25.0,24.7
432,42.6,35.0,30.5,27.7,25.8,25.0,24.6
434,42.6,35.1,30.5,27.7,25.8,25.0,24.6
436,42.6,35.2,30.6,27.7,25.8,25.0,24.6
438,42.6,35.3,30.7,27.8,25.9,25.0,24.7
440,42.6,35.3,30.7,27.8,25.9,25.1,24.7
442,42.6,35.3,30.8,27.8,25.9,25.1,24.7
444,42.7,35.4,30.8,27.8,25.9,25.1,24.7
446,42.7,35.4,30.8,27.9,26.0,25.1,24.7
448,42.7,35.4,30.8,27.9,26.0,25.1,24.7
450,42.8,35.4,30.8,27.9,26.0,25.1,24.7
452,42.8,35.4,30.8,27.9,26.0,25.1,24.7
454,42.8,35.4,30.8,27.9,26.0,25.1,24.7
456,42.8,35.4,30.8,27.9,26.0,25.1,24.7
458,42.8,35.4,30.8,27.9,26.0,25.2,24.8
460,42.8,35.4,30.8,27.9,26.0,25.2,24.8
462,42.9,35.4,30.8,27.9,26.0,25.2,24.8
464,42.9,35.4,30.8,27.9,26.0,25.2,24.8
466,42.9,35.4,30.9,28.0,26.0,25.2,24.8
468,42.9,35.4,30.9,28.0,26.0,25.2,24.8
470,43.0,35.4,30.9,28.0,26.1,25.2,24.8
472,43.0,35.5,30.9,28.0,26.1,25.2,24.8
474,43.0,35.5,31.0,28.0,26.1,25.2,24.8
476,43.0,35.5,31.0,28.0,26.1,25.2,24.8
478,43.0,35.5,30.9,28.0,26.1,25.2,24.8
480,43.1,35.5,30.9,28.0,26.1,25.2,24.8
482,43.1,35.5,30.9,28.0,26.1,25.2,24.8
484,43.1,35.6,31.0,28.0,26.1,25.2,24.9
486,43.2,35.7,31.0,28.0,26.1,25.3,24.9
488,43.2,35.6,31.0,28.0,26.1,25.3,24.9
490,43.2,35.6,31.0,28.1,26.1,25.3,24.9
492,43.2,35.7,31.1,28.1,26.1,25.3,24.9
494,43.2,35.7,31.1,28.1,26.1,25.3,24.9
496,43.2,35.7,31.2,28.1,26.2,25.3,24.9
498,43.3,35.8,31.1,28.1,26.2,25.3,24.9
500,43.3,35.8,31.1,28.1,26.2,25.3,24.9
502,43.3,35.8,31.2,28.1,26.1,25.3,24.9
504,43.3,35.8,31.2,28.2,26.1,25.3,24.9
506,43.4,35.8,31.2,28.2,26.2,25.4,25.0
508,43.4,35.9,31.2,28.2,26.2,25.4,25.0
510,43.4,35.9,31.2,28.2,26.2,25.4,25.0
512,43.4,35.9,31.2,28.2,26.2,25.4,25.0
514,43.4,35.9,31.2,28.2,26.2,25.4,25.0
516,43.4,35.9,31.2,28.2,26.2,25.4,25.0
518,43.5,35.9,31.3,28.2,26.2,25.4,25.0
520,43.5,36.0,31.2,28.2,26.2,25.4,25.0
522,43.5,36.0,31.2,28.3,26.2,25.4,25.0
524,43.5,35.9,31.2,28.3,26.2,25.4,25.0
526,43.5,35.9,31.2,28.3,26.2,25.4,25.0
528,43.5,35.9,31.3,28.3,26.3,25.4,25.0
530,43.6,36.0,31.3,28.3,26.3,25.4,25.0
532,43.6,36.0,31.3,28.3,26.3,25.4,25.1
534,43.6,36.0,31.3,28.3,26.4,25.4,25.1
536,43.7,36.1,31.3,28.3,26.3,25.4,25.1
538,43.7,36.0,31.3,28.3,26.3,25.4,25.0
540,43.7,36.1,31.3,28.3,26.3,25.4,25.1
542,43.7,36.0,31.4,28.4,26.4,25.4,25.1
544,43.7,36.0,31.4,28.4,26.4,25.5,25.1
546,43.7,36.0,31.4,28.4,26.4,25.5,25.1
548,43.7,36.1,31.4,28.4,26.4,25.5,25.1
550,43.7,36.1,31.4,28.4,26.4,25.5,25.1
552,43.7,36.1,31.4,28.4,26.4,25.5,25.1
554,43.7,36.2,31.4,28.4,26.3,25.5,25.1
556,43.8,36.2,31.4,28.4,26.3,25.5,25.1
558,43.8,36.2,31.5,28.4,26.3,25.5,25.1
560,43.9,36.3,31.6,28.4,26.3,25.5,25.1
562,43.9,36.3,31.6,28.5,26.4,25.5,25.2
564,43.9,36.3,31.6,28.5,26.4,25.5,25.2
566,43.9,36.3,31.6,28.5,26.4,25.5,25.2
568,43.9,36.3,31.6,28.5,26.4,25.5,25.2
570,43.9,36.3,31.6,28.5,26.4,25.5,25.2
572,44.0,36.4,31.6,28.5,26.5,25.5,25.2
574,44.0,36.4,31.6,28.5,26.5,25.6,25.2
576,44.0,36.4,31.6,28.5,26.5,25.6,25.2
578,44.0,36.4,31.6,28.5,26.5,25.6,25.2
580,44.0,36.4,31.6,28.5,26.5,25.6,25.2
582,44.0,36.4,31.6,28.5,26.5,25.6,25.2
584,44.0,36.4,31.6,28.5,26.5,25.6,25.2
586,44.1,36.4,31.7,28.6,26.5,25.6,25.2
588,44.1,36.5,31.7,28.6,26.5,25.6,25.2
590,44.1,36.5,31.7,28.6,26.6,25.6,25.2
592,44.1,36.5,31.7,28.6,26.6,25.6,25.2
594,44.1,36.4,31.7,28.6,26.5,25.6,25.3
596,44.1,36.4,31.6,28.6,26.5,25.6,25.3
598,44.2,36.4,31.6,28.6,26.5,25.6,25.3
600,44.2,36.5,31.7,28.6,26.5,25.7,25.3
602,44.3,36.6,31.7,28.6,26.5,25.7,25.3
604,44.3,36.6,31.7,28.6,26.5,25.7,25.3
606,44.3,36.5,31.7,28.6,26.6,25.7,25.3
608,44.3,36.5,31.7,28.6,26.6,25.7,25.3
610,44.3,36.5,31.7,28.6,26.6,25.7,25.3
612,44.4,36.5,31.7,28.7,26.6,25.7,25.3
614,44.4,36.6,31.7,28.7,26.6,25.7,25.3
616,44.4,36.6,31.8,28.7,26.7,25.7,25.4
618,44.4,36.6,31.8,28.7,26.7,25.7,25.4
620,44.4,36.6,31.8,28.7,26.7,25.7,25.4
622,44.4,36.6,31.9,28.7,26.7,25.7,25.4
624,44.4,36.7,31.9,28.7,26.7,25.7,25.4
626,44.4,36.7,31.9,28.7,26.7,25.7,25.4
628,44.5,36.6,31.9,28.7,26.7,25.8,25.4
630,44.5,36.7,31.9,28.7,26.7,25.8,25.4
632,44.5,36.7,31.9,28.8,26.6,25.8,25.4
634,44.6,36.8,31.9,28.8,26.7,25.8,25.4
636,44.6,36.7,31.9,28.8,26.7,25.8,25.4
638,44.6,36.8,32.0,28.8,26.7,25.8,25.4
640,44.6,36.8,32.0,28.8,26.7,25.8,25.4
642,44.6,36.9,32.0,28.8,26.7,25.8,25.4
644,44.7,36.9,32.0,28.8,26.7,25.8,25.4
646,44.7,36.9,32.1,28.9,26.8,25.8,25.4
648,44.7,36.9,32.1,28.9,26.8,25.8,25.5
650,44.7,36.9,32.1,28.9,26.8,25.8,25.5
652,44.8,36.9,32.1,28.9,26.8,25.9,25.5
654,44.8,36.9,32.1,28.9,26.8,25.9,25.5
656,44.8,36.9,32.1,28.9,26.8,25.9,25.5
658,44.8,36.9,32.1,28.9,26.8,25.9,25.5
660,44.8,36.9,32.1,28.9,26.8,25.9,25.5
662,44.8,36.9,32.1,28.9,26.8,25.9,25.5
664,44.8,36.9,32.1,28.9,26.8,25.9,25.5
666,44.9,37.0,32.1,28.9,26.8,25.9,25.5
668,44.9,37.0,32.1,28.9,26.8,25.9,25.5
670,44.9,37.0,32.1,29.0,26.9,25.9,25.5
672,45.0,37.1,32.2,29.0,26.9,25.9,25.5
674,45.0,37.1,32.2,29.0,26.9,26.0,25.5
676,45.0,37.1,32.2,29.0,26.9,25.9,25.5
678,45.0,37.1,32.2,29.0,26.9,25.9,25.6
680,45.0,37.1,32.2,29.0,26.9,25.9,25.6
682,45.0,37.1,32.2,29.0,26.9,25.9,25.6
684,45.1,37.1,32.2,29.0,26.9,25.9,25.6
686,45.1,37.1,32.2,29.0,26.9,26.0,25.6
688,45.1,37.1,32.2,29.0,26.9,25.9,25.6
690,45.1,37.1,32.2,29.0,26.9,25.9,25.6
692,45.1,37.1,32.2,29.0,26.8,25.9,25.6
694,45.1,37.1,32.2,29.0,26.8,25.9,25.6
696,45.2,37.2,32.3,29.0,26.9,26.0,25.6
698,45.2,37.2,32.3,29.0,26.9,26.0,25.6
700,45.2,37.3,32.3,29.1,26.9,26.0,25.6
702,45.2,37.3,32.3,29.1,27.0,26.0,25.6
704,45.2,37.3,32.3,29.1,27.0,26.0,25.6
706,45.2,37.3,32.3,29.1,27.0,26.0,25.6
708,45.2,37.3,32.3,29.1,27.0,26.1,25.7
710,45.3,37.3,32.3,29.1,27.0,26.1,25.7
712,45.3,37.3,32.4,29.1,27.1,26.1,25.7
714,45.3,37.3,32.4,29.1,27.1,26.1,25.7
716,45.3,37.3,32.4,29.1,27.1,26.1,25.7
718,45.3,37.4,32.4,29.1,27.1,26.1,25.7
720,45.4,37.4,32.4,29.2,27.1,26.1,25.7
722,45.4,37.4,32.4,29.2,27.1,26.1,25.7
724,45.4,37.4,32.4,29.2,27.1,26.1,25.7
726,45.4,37.4,32.5,29.2,27.1,26.1,25.7
728,45.4,37.4,32.5,29.2,27.1,26.1,25.8
730,45.4,37.4,32.5,29.2,27.1,26.1,25.8
732,45.5,37.4,32.5,29.2,27.1,26.1,25.8
734,45.5,37.4,32.5,29.3,27.1,26.1,25.8
736,45.5,37.5,32.5,29.3,27.1,26.1,25.8
738,45.5,37.5,32.5,29.3,27.1,26.1,25.8
740,45.5,37.5,32.6,29.3,27.1,26.1,25.8
742,45.5,37.5,32.6,29.3,27.1,26.2,25.7
744,45.6,37.5,32.6,29.3,27.1,26.2,25.7
746,45.6,37.6,32.6,29.3,27.0,26.2,25.8
748,45.6,37.6,32.6,29.3,27.0,26.2,25.8
750,45.6,37.6,32.6,29.3,27.1,26.2,25.8
752,45.6,37.6,32.6,29.3,27.1,26.2,25.8
754,45.6,37.6,32.6,29.3,27.1,26.2,25.8
756,45.6,37.6,32.7,29.3,27.2,26.2,25.8
758,45.6,37.6,32.7,29.4,27.2,26.2,25.8
760,45.7,37.6,32.7,29.4,27.2,26.2,25.8
762,45.7,37.7,32.7,29.4,27.2,26.3,25.8
764,45.7,37.7,32.8,29.4,27.2,26.3,25.8
766,45.7,37.7,32.8,29.4,27.2,26.3,25.8
768,45.7,37.7,32.8,29.4,27.2,26.3,25.8
770,45.7,37.7,32.8,29.4,27.2,26.3,25.8
772,45.8,37.7,32.7,29.4,27.2,26.3,25.8
774,45.8,37.7,32.8,29.4,27.2,26.3,25.9
776,45.8,37.7,32.8,29.4,27.2,26.3,25.9
778,45.8,37.7,32.8,29.4,27.3,26.3,25.9
780,45.9,37.8,32.8,29.5,27.3,26.3,25.9
782,45.9,37.8,32.8,29.5,27.3,26.3,25.9
784,45.9,37.8,32.8,29.5,27.3,26.3,25.9
786,45.9,37.8,32.8,29.5,27.3,26.3,25.9
788,45.9,37.7,32.8,29.5,27.3,26.3,25.9
790,45.9,37.7,32.8,29.5,27.3,26.3,25.9
792,45.9,37.8,32.8,29.5,27.3,26.3,25.9
794,45.9,37.8,32.9,29.5,27.3,26.3,25.9
796,45.9,37.8,32.9,29.5,27.3,26.3,25.9
798,46.0,37.8,32.9,29.6,27.3,26.3,25.9
800,46.0,37.8,32.9,29.6,27.3,26.4,25.9
802,46.0,37.8,32.8,29.6,27.4,26.4,26.0
804,46.0,37.9,32.9,29.6,27.4,26.4,26.0
806,46.0,37.9,32.9,29.6,27.4,26.4,26.0
808,46.0,37.9,32.9,29.6,27.4,26.4,26.0
810,46.0,37.9,32.8,29.6,27.4,26.4,26.0
812,46.0,37.9,32.8,29.6,27.4,26.4,26.0
814,46.0,38.0,32.9,29.6,27.3,26.4,26.0
816,46.0,38.0,32.9,29.5,27.3,26.4,26.0
818,46.1,38.0,32.9,29.5,27.2,26.4,26.0
820,46.1,38.0,32.9,29.5,27.2,26.4,26.0
822,46.1,38.0,32.9,29.6,27.2,26.4,26.0
824,46.1,38.0,32.9,29.6,27.3,26.4,26.0
826,46.1,38.0,32.9,29.6,27.3,26.4,26.1
828,46.2,38.0,33.0,29.6,27.3,26.4,26.1
830,46.2,38.0,33.0,29.6,27.4,26.4,26.0
832,46.2,38.0,33.0,29.6,27.4,26.4,26.0
834,46.2,38.0,33.0,29.6,27.4,26.4,26.0
836,46.3,38.0,33.0,29.6,27.4,26.5,26.0
838,46.3,38.1,33.0,29.6,27.4,26.5,26.1
840,46.3,38.1,33.0,29.7,27.4,26.5,26.1
842,46.3,38.1,33.0,29.7,27.5,26.5,26.1
844,46.3,38.2,33.0,29.7,27.5,26.5,26.1
846,46.4,38.2,33.1,29.7,27.5,26.5,26.1
848,46.4,38.2,33.1,29.7,27.5,26.5,26.1
850,46.4,38.1,33.1,29.7,27.5,26.5,26.1
852,46.4,38.1,33.1,29.7,27.5,26.5,26.1
854,46.4,38.2,33.1,29.7,27.5,26.5,26.1
856,46.4,38.2,33.1,29.7,27.5,26.5,26.1
858,46.4,38.2,33.1,29.8,27.5,26.5,26.1
860,46.4,38.2,33.1,29.8,27.5,26.5,26.1
862,46.4,38.2,33.1,29.7,27.5,26.5,26.1
864,46.4,38.2,33.1,29.7,27.5,26.6,26.1
866,46.4,38.2,33.1,29.7,27.5,26.5,26.1
868,46.4,38.2,33.2,29.7,27.6,26.6,26.1
870,46.5,38.3,33.2,29.8,27.6,26.6,26.2
872,46.5,38.3,33.3,29.8,27.6,26.6,26.2
874,46.5,38.3,33.2,29.8,27.5,26.6,26.2
876,46.6,38.3,33.2,29.8,27.5,26.6,26.2
878,46.6,38.3,33.2,29.8,27.5,26.6,26.2
880,46.6,38.3,33.2,29.9,27.5,26.6,26.2
882,46.6,38.3,33.2,29.9,27.6,26.6,26.2
884,46.6,38.3,33.2,29.9,27.6,26.6,26.2
886,46.6,38.4,33.2,29.9,27.6,26.7,26.2
888,46.6,38.4,33.3,29.9,27.6,26.7,26.2
890,46.7,38.4,33.3,29.9,27.7,26.7,26.2
892,46.7,38.4,33.3,29.9,27.6,26.6,26.2
894,46.7,38.4,33.3,29.9,27.6,26.6,26.3
896,46.7,38.4,33.3,29.9,27.6,26.6,26.3
898,46.7,38.5,33.3,29.9,27.6,26.6,26.3
900,46.8,38.5,33.3,29.9,27.6,26.7,26.2
902,46.8,38.5,33.3,29.9,27.6,26.7,26.2
904,46.8,38.5,33.4,29.9,27.7,26.7,26.2
906,46.8,38.5,33.4,29.9,27.7,26.7,26.3
908,46.8,38.5,33.4,29.9,27.7,26.7,26.3
910,46.8,38.5,33.4,29.9,27.7,26.7,26.3
912,46.8,38.5,33.3,29.9,27.7,26.7,26.3
914,46.8,38.5,33.4,30.0,27.7,26.7,26.3
916,46.8,38.5,33.4,30.0,27.7,26.7,26.3
918,46.8,38.5,33.4,30.0,27.7,26.7,26.3
920,46.8,38.6,33.4,30.0,27.7,26.7,26.3
922,46.9,38.6,33.4,30.0,27.8,26.7,26.3
924,46.9,38.6,33.4,30.1,27.8,26.8,26.3
926,46.9,38.6,33.4,30.1,27.8,26.8,26.4
928,46.9,38.6,33.5,30.1,27.8,26.8,26.4
930,47.0,38.6,33.5,30.1,27.8,26.8,26.4
932,47.0,38.7,33.4,30.1,27.8,26.8,26.4
934,47.0,38.7,33.5,30.1,27.7,26.8,26.4
936,47.0,38.7,33.5,30.1,27.7,26.8,26.4
938,47.0,38.7,33.5,30.0,27.7,26.8,26.4
940,47.0,38.6,33.5,30.1,27.7,26.8,26.4
942,47.0,38.6,33.5,30.1,27.7,26.8,26.4
944,47.0,38.6,33.5,30.1,27.8,26.8,26.4
946,47.1,38.7,33.5,30.1,27.8,26.8,26.4
948,47.1,38.7,33.5,30.1,27.8,26.8,26.4
950,47.1,38.7,33.5,30.1,27.9,26.8,26.4
952,47.1,38.8,33.5,30.1,27.8,26.8,26.4
954,47.1,38.8,33.6,30.1,27.8,26.8,26.4
956,47.2,38.8,33.6,30.1,27.8,26.8,26.4
958,47.2,38.8,33.6,30.1,27.8,26.8,26.4
960,47.2,38.7,33.5,30.1,27.8,26.9,26.4
962,47.2,38.7,33.5,30.1,27.8,26.9,26.4
964,47.2,38.7,33.5,30.1,27.8,26.9,26.4
966,47.2,38.8,33.5,30.1,27.8,26.9,26.4
968,47.2,38.9,33.6,30.1,27.8,26.9,26.4
970,47.2,38.9,33.6,30.2,27.8,26.9,26.5
972,47.2,38.9,33.6,30.2,27.8,26.9,26.5
974,47.3,38.8,33.7,30.2,27.8,26.9,26.5
976,47.3,38.8,33.7,30.2,27.9,26.9,26.5
978,47.3,38.9,33.7,30.2,27.9,26.9,26.5
980,47.3,38.9,33.7,30.2,27.9,26.9,26.5
982,47.3,38.9,33.7,30.2,27.9,26.9,26.5
984,47.3,38.9,33.7,30.2,27.9,26.9,26.5
986,47.3,38.9,33.7,30.2,27.9,26.9,26.4
988,47.4,38.9,33.7,30.2,27.9,26.9,26.4
990,47.4,39.0,33.8,30.2,27.8,26.9,26.4
992,47.4,39.0,33.8,30.2,27.9,26.9,26.5
994,47.4,39.0,33.8,30.2,27.9,26.9,26.5
996,47.4,39.0,33.8,30.3,27.9,26.9,26.5
998,47.4,39.0,33.8,30.3,28.0,26.9,26.6
1000,47.4,39.0,33.8,30.2,28.0,26.9,26.5
1002,47.4,39.0,33.8,30.2,28.0,26.9,26.5
1004,47.5,39.0,33.8,30.3,28.0,27.0,26.5
1006,47.5,39.1,33.8,30.3,28.0,27.0,26.5
1008,47.5,39.1,33.8,30.3,28.0,27.0,26.6
1010,47.5,39.0,33.8,30.3,28.0,27.0,26.6
1012,47.6,39.0,33.8,30.3,28.0,27.0,26.6
1014,47.5,39.0,33.8,30.3,28.0,27.0,26.6
1016,47.6,39.0,33.8,30.4,28.0,27.0,26.6
1018,47.6,39.0,33.8,30.3,28.0,27.0,26.6
1020,47.6,39.0,33.8,30.3,28.0,27.0,26.6
1022,47.6,39.0,33.7,30.3,28.0,27.0,26.6
1024,47.6,39.0,33.7,30.3,28.0,27.0,26.6
1026,47.6,39.1,33.8,30.3,28.1,27.0,26.6
1028,47.7,39.1,33.8,30.4,28.1,27.1,26.6
1030,47.7,39.1,33.9,30.4,28.1,27.1,26.6
1032,47.6,39.1,33.9,30.4,28.1,27.1,26.7
1034,47.7,39.1,33.9,30.4,28.1,27.1,26.7
1036,47.7,39.2,33.9,30.4,28.1,27.1,26.7
1038,47.7,39.2,33.9,30.4,28.1,27.1,26.7
1040,47.7,39.2,33.9,30.4,28.1,27.1,26.7
1042,47.7,39.2,33.9,30.4,28.1,27.1,26.7
1044,47.7,39.2,33.9,30.5,28.2,27.2,26.7
1046,47.7,39.2,33.9,30.5,28.2,27.1,26.7
1048,47.8,39.1,34.0,30.5,28.2,27.1,26.7
1050,47.7,39.1,34.0,30.5,28.2,27.1,26.7
1052,47.7,39.1,34.0,30.5,28.2,27.2,26.7
1054,47.7,39.2,34.0,30.5,28.2,27.2,26.7
1056,47.8,39.2,34.0,30.5,28.2,27.2,26.8
1058,47.8,39.3,34.1,30.5,28.2,27.2,26.8
1060,47.8,39.3,34.0,30.5,28.2,27.2,26.7
1062,47.8,39.3,34.0,30.5,28.3,27.2,26.7
1064,47.8,39.3,34.0,30.5,28.3,27.2,26.7
1066,47.8,39.3,34.0,30.5,28.2,27.2,26.7
1068,47.8,39.3,34.0,30.5,28.2,27.2,26.7
1070,47.8,39.3,34.0,30.5,28.2,27.2,26.7
1072,47.9,39.3,34.0,30.5,28.2,27.2,26.7
1074,47.9,39.3,34.0,30.5,28.2,27.2,26.8
1076,47.9,39.3,34.0,30.5,28.2,27.2,26.7
1078,47.9,39.4,34.1,30.5,28.2,27.2,26.7
1080,47.9,39.4,34.1,30.5,28.2,27.2,26.7
1082,47.9,39.4,34.1,30.5,28.2,27.2,26.8
1084,47.9,39.4,34.1,30.6,28.2,27.2,26.8
1086,47.9,39.4,34.1,30.6,28.2,27.2,26.8
1088,47.9,39.4,34.1,30.6,28.2,27.2,26.8
1090,48.0,39.4,34.1,30.6,28.2,27.2,26.8
1092,48.0,39.5,34.2,30.6,28.2,27.2,26.8
1094,48.0,39.5,34.2,30.6,28.2,27.2,26.8
1096,48.0,39.5,34.2,30.6,28.2,27.2,26.8
1098,48.0,39.4,34.2,30.6,28.2,27.2,26.8
1100,48.0,39.4,34.2,30.6,28.2,27.2,26.8
1102,48.1,39.4,34.1,30.6,28.2,27.2,26.8
1104,48.1,39.4,34.1,30.6,28.2,27.2,26.8
1106,48.1,39.5,34.1,30.6,28.2,27.2,26.8
1108,48.1,39.5,34.2,30.6,28.3,27.3,26.8
1110,48.1,39.5,34.2,30.6,28.3,27.3,26.8
1112,48.1,39.5,34.1,30.6,28.2,27.3,26.8
1114,48.1,39.5,34.1,30.6,28.2,27.2,26.8
1116,48.1,39.5,34.1,30.6,28.1,27.2,26.8
1118,48.2,39.5,34.1,30.6,28.1,27.2,26.8
1120,48.2,39.6,34.1,30.6,28.2,27.3,26.9
1122,48.2,39.6,34.2,30.6,28.2,27.3,26.9
1124,48.2,39.6,34.2,30.7,28.3,27.3,26.9
1126,48.2,39.6,34.2,30.7,28.3,27.3,26.9
1128,48.2,39.6,34.3,30.7,28.4,27.3,26.9
1130,48.2,39.6,34.3,30.7,28.4,27.3,26.9
1132,48.2,39.6,34.2,30.7,28.3,27.3,26.9
1134,48.2,39.5,34.2,30.7,28.3,27.3,26.9
1136,48.2,39.6,34.2,30.6,28.2,27.3,26.9
1138,48.2,39.6,34.2,30.6,28.2,27.3,26.8
1140,48.2,39.6,34.3,30.7,28.2,27.3,26.9
1142,48.2,39.7,34.3,30.7,28.3,27.3,26.9
1144,48.3,39.7,34.3,30.8,28.3,27.4,26.9
1146,48.3,39.7,34.3,30.8,28.4,27.4,26.9
1148,48.3,39.6,34.3,30.8,28.4,27.4,26.9
1150,48.3,39.7,34.3,30.8,28.4,27.4,27.0
1152,48.3,39.7,34.3,30.8,28.4,27.4,27.0
1154,48.3,39.7,34.3,30.8,28.4,27.4,27.0
1156,48.4,39.7,34.3,30.8,28.4,27.4,27.0
1158,48.4,39.7,34.3,30.8,28.4,27.4,27.0
1160,48.4,39.8,34.3,30.8,28.5,27.4,27.0
1162,48.4,39.8,34.3,30.8,28.5,27.5,27.0
1164,48.4,39.8,34.3,30.8,28.5,27.5,27.0
1166,48.4,39.8,34.4,30.8,28.5,27.5,27.0
1168,48.4,39.8,34.3,30.9,28.5,27.5,27.0
1170,48.4,39.8,34.4,30.9,28.5,27.5,27.0
1172,48.5,39.8,34.4,30.9,28.5,27.5,27.0
1174,48.5,39.8,34.4,30.9,28.5,27.4,27.0
1176,48.5,39.8,34.4,30.9,28.5,27.4,27.1
1178,48.5,39.9,34.4,30.9,28.5,27.5,27.1
1180,48.5,39.9,34.5,30.9,28.5,27.4,27.1
1182,48.5,39.8,34.5,30.9,28.5,27.4,27.0
1184,48.5,39.8,34.5,30.9,28.5,27.4,27.0
1186,48.5,39.8,34.4,30.9,28.5,27.4,27.1
1188,48.5,39.8,34.4,30.9,28.5,27.5,27.1
1190,48.5,39.8,34.5,30.9,28.5,27.5,27.0
1192,48.6,39.8,34.5,30.9,28.5,27.5,27.0
1194,48.6,39.8,34.5,30.9,28.5,27.5,27.1
1196,48.6,39.9,34.5,30.9,28.5,27.5,27.1
1198,48.6,39.9,34.5,30.9,28.5,27.5,27.1
1200,48.6,39.9,34.5,30.9,28.5,27.5,27.1
1202,48.6,39.8,34.5,30.9,28.5,27.5,27.1
1204,48.6,39.8,34.5,30.9,28.5,27.5,27.1
1206,48.6,39.8,34.5,30.9,28.5,27.5,27.1
1208,48.6,39.9,34.5,30.9,28.5,27.5,27.1
1210,48.6,39.9,34.6,31.0,28.5,27.5,27.1
1212,48.6,39.9,34.6,31.0,28.5,27.5,27.1
1214,48.6,39.9,34.6,31.0,28.5,27.5,27.1
1216,48.6,39.9,34.5,31.0,28.5,27.5,27.1
1218,48.7,39.9,34.5,31.0,28.5,27.5,27.1
1220,48.7,39.9,34.6,31.0,28.6,27.5,27.1
1222,48.7,40.0,34.6,31.0,28.6,27.5,27.1
1224,48.7,40.0,34.6,31.0,28.6,27.5,27.1
1226,48.7,40.0,34.6,31.0,28.6,27.5,27.1
1228,48.7,40.0,34.6,31.0,28.6,27.5,27.1
1230,48.7,40.0,34.6,31.0,28.6,27.6,27.1
1232,48.7,40.0,34.6,31.0,28.6,27.6,27.1
1234,48.8,40.0,34.6,31.1,28.6,27.6,27.1
1236,48.8,40.0,34.6,31.0,28.6,27.6,27.2
1238,48.8,40.0,34.6,31.1,28.6,27.6,27.2
1240,48.8,40.0,34.7,31.1,28.6,27.6,27.2
1242,48.8,40.0,34.6,31.1,28.7,27.6,27.2
1244,48.8,40.0,34.6,31.1,28.7,27.6,27.2
1246,48.8,40.1,34.6,31.1,28.7,27.6,27.2
1248,48.8,40.1,34.6,31.1,28.7,27.6,27.2
1250,48.9,40.1,34.7,31.1,28.7,27.6,27.2
1252,48.9,40.1,34.6,31.0,28.7,27.6,27.2
1254,48.9,40.1,34.6,31.0,28.7,27.6,27.2
1256,48.9,40.1,34.6,31.0,28.7,27.6,27.2
1258,48.9,40.2,34.7,31.1,28.7,27.6,27.2
1260,48.9,40.2,34.7,31.1,28.7,27.6,27.2
1262,49.0,40.2,34.8,31.1,28.7,27.7,27.2
1264,49.0,40.2,34.8,31.1,28.7,27.6,27.2
1266,49.0,40.2,34.7,31.1,28.7,27.6,27.2
1268,49.0,40.2,34.7,31.1,28.7,27.6,27.2
1270,49.0,40.2,34.8,31.1,28.7,27.6,27.2
1272,49.0,40.2,34.8,31.2,28.7,27.6,27.2
1274,49.0,40.2,34.8,31.2,28.7,27.7,27.2
1276,49.0,40.2,34.8,31.2,28.7,27.7,27.2
1278,49.1,40.2,34.8,31.2,28.7,27.7,27.2
1280,49.1,40.2,34.8,31.2,28.7,27.7,27.2
1282,49.1,40.3,34.8,31.2,28.8,27.7,27.2
1284,49.1,40.3,34.8,31.2,28.8,27.7,27.3
1286,49.1,40.3,34.8,31.2,28.8,27.7,27.3
1288,49.1,40.3,34.8,31.2,28.8,27.7,27.3
1290,49.1,40.3,34.8,31.2,28.8,27.7,27.3
1292,49.1,40.3,34.8,31.2,28.8,27.7,27.3
1294,49.2,40.3,34.9,31.3,28.8,27.7,27.3
1296,49.1,40.3,34.9,31.3,28.8,27.7,27.3
1298,49.2,40.3,34.9,31.3,28.9,27.8,27.3
1300,49.2,40.3,34.9,31.3,28.8,27.8,27.3
1302,49.2,40.3,34.9,31.3,28.8,27.8,27.3
1304,49.2,40.3,34.9,31.3,28.8,27.8,27.3
1306,49.2,40.4,34.9,31.3,28.8,27.8,27.3
1308,49.2,40.3,34.9,31.3,28.7,27.7,27.3
1310,49.2,40.3,34.9,31.2,28.8,27.7,27.3
1312,49.2,40.3,34.9,31.2,28.8,27.8,27.3
1314,49.2,40.3,34.9,31.2,28.8,27.8,27.3
1316,49.2,40.3,34.9,31.2,28.8,27.8,27.3
1318,49.2,40.3,34.9,31.2,28.8,27.8,27.3
1320,49.2,40.4,34.9,31.3,28.8,27.8,27.3
1322,49.2,40.3,35.0,31.3,28.8,27.8,27.3
1324,49.2,40.3,35.0,31.3,28.8,27.8,27.3
1326,49.3,40.3,35.0,31.3,28.8,27.8,27.3
1328,49.3,40.4,34.9,31.3,28.8,27.8,27.3
1330,49.3,40.4,34.9,31.3,28.8,27.8,27.4
1332,49.3,40.4,34.9,31.3,28.8,27.8,27.4
1334,49.3,40.4,34.9,31.3,28.8,27.8,27.3
1336,49.3,40.4,34.9,31.3,28.8,27.8,27.4
1338,49.3,40.4,35.0,31.3,28.8,27.8,27.4
1340,49.3,40.5,35.0,31.3,28.8,27.8,27.4
1342,49.4,40.4,35.0,31.3,28.8,27.8,27.4
1344,49.4,40.4,35.0,31.3,28.8,27.8,27.4
1346,49.3,40.5,35.0,31.3,28.8,27.8,27.4
1348,49.3,40.5,35.0,31.3,28.9,27.8,27.4
1350,49.3,40.5,35.0,31.3,28.9,27.8,27.4
1352,49.3,40.5,35.0,31.3,28.9,27.8,27.4
1354,49.4,40.5,35.0,31.3,28.9,27.8,27.4
1356,49.4,40.5,35.0,31.3,28.9,27.8,27.4
1358,49.4,40.5,35.0,31.3,28.9,27.8,27.4
1360,49.4,40.5,35.0,31.3,28.9,27.8,27.4
1362,49.4,40.5,35.0,31.4,28.9,27.8,27.4
1364,49.4,40.6,35.0,31.4,28.9,27.8,27.4
1366,49.4,40.6,35.0,31.4,28.9,27.9,27.4
1368,49.4,40.6,35.0,31.4,28.9,27.9,27.4
1370,49.4,40.6,35.0,31.4,28.9,27.8,27.4
1372,49.4,40.5,35.1,31.4,28.9,27.8,27.4
1374,49.4,40.5,35.1,31.4,28.9,27.8,27.4
1376,49.4,40.5,35.0,31.4,28.9,27.8,27.4
1378,49.5,40.6,35.0,31.4,28.9,27.9,27.4
1380,49.5,40.6,35.0,31.4,28.9,27.9,27.4
1382,49.5,40.6,35.1,31.4,29.0,27.9,27.5
1384,49.5,40.6,35.1,31.4,29.0,27.9,27.5
1386,49.5,40.6,35.1,31.4,29.0,27.9,27.5
1388,49.5,40.6,35.1,31.5,29.0,27.9,27.5
1390,49.5,40.6,35.1,31.5,29.0,27.9,27.5
1392,49.6,40.6,35.1,31.4,29.0,27.9,27.5
1394,49.6,40.6,35.1,31.5,29.0,27.9,27.5
1396,49.6,40.6,35.1,31.5,29.0,28.0,27.5
1398,49.6,40.7,35.2,31.5,29.0,28.0,27.5
1400,49.6,40.6,35.2,31.5,29.0,27.9,27.5
1402,49.6,40.7,35.1,31.5,29.0,27.9,27.5
1404,49.6,40.6,35.2,31.5,29.0,27.9,27.5
1406,49.6,40.7,35.2,31.5,29.1,27.9,27.5
1408,49.6,40.7,35.2,31.5,29.1,28.0,27.5
1410,49.6,40.7,35.1,31.5,29.1,28.0,27.5
1412,49.6,40.7,35.1,31.5,29.1,28.0,27.5
1414,49.6,40.7,35.1,31.5,29.1,28.0,27.5
1416,49.7,40.8,35.2,31.5,29.1,28.0,27.5
1418,49.7,40.8,35.2,31.6,29.1,28.0,27.5
1420,49.7,40.8,35.2,31.6,29.1,28.0,27.5
1422,49.7,40.8,35.3,31.6,29.1,28.0,27.5
1424,49.7,40.8,35.3,31.6,29.1,28.0,27.5
1426,49.7,40.8,35.3,31.6,29.1,28.0,27.5
1428,49.7,40.8,35.3,31.6,29.0,28.0,27.5
1430,49.7,40.7,35.2,31.5,29.0,28.0,27.5
1432,49.6,40.7,35.2,31.5,29.0,28.0,27.5
1434,49.6,40.7,35.3,31.5,29.0,28.0,27.6
1436,49.7,40.7,35.3,31.6,29.0,28.0,27.6
1438,49.7,40.7,35.3,31.6,29.1,28.0,27.6
1440,49.7,40.8,35.2,31.6,29.1,28.1,27.6
1442,49.8,40.8,35.2,31.6,29.1,28.1,27.6
1444,49.8,40.8,35.3,31.6,29.2,28.1,27.6
1446,49.8,40.9,35.3,31.6,29.2,28.1,27.6
1448,49.8,40.8,35.3,31.6,29.2,28.1,27.6
1450,49.8,40.8,35.3,31.6,29.1,28.1,27.6
1452,49.8,40.9,35.3,31.6,29.1,28.1,27.6
1454,49.8,40.9,35.4,31.6,29.1,28.1,27.6
1456,49.8,40.9,35.4,31.6,29.1,28.1,27.6
1458,49.8,40.9,35.3,31.6,29.1,28.1,27.6
1460,49.8,40.9,35.4,31.6,29.1,28.1,27.6
1462,49.8,40.9,35.3,31.7,29.2,28.1,27.6
1464,49.9,40.9,35.3,31.6,29.2,28.1,27.6
1466,49.9,40.9,35.3,31.7,29.2,28.1,27.6
1468,49.9,40.9,35.4,31.7,29.2,28.1,27.7
1470,49.9,40.9,35.4,31.7,29.2,28.1,27.7
1472,49.9,40.9,35.4,31.7,29.2,28.1,27.7
1474,49.9,40.9,35.4,31.7,29.3,28.1,27.7
1476,49.9,40.9,35.4,31.7,29.3,28.1,27.6
1478,49.9,40.8,35.3,31.7,29.2,28.1,27.6
1480,49.9,40.9,35.3,31.7,29.2,28.1,27.6
1482,49.9,40.9,35.3,31.7,29.2,28.1,27.6
1484,50.0,40.9,35.4,31.7,29.2,28.1,27.6
1486,50.0,40.9,35.4,31.7,29.2,28.1,27.6
1488,50.0,41.0,35.4,31.7,29.2,28.1,27.6
1490,50.0,41.0,35.4,31.7,29.2,28.1,27.7
1492,50.0,41.1,35.5,31.7,29.2,28.1,27.7
1494,50.0,41.1,35.5,31.7,29.2,28.1,27.7
1496,50.0,41.1,35.5,31.7,29.2,28.1,27.7
1498,50.0,41.0,35.4,31.8,29.2,28.1,27.7
1500,50.0,41.0,35.4,31.8,29.2,28.1,27.7
1502,50.0,41.0,35.4,31.8,29.2,28.2,27.7
1504,50.0,41.0,35.5,31.8,29.2,28.2,27.7
1506,50.1,41.0,35.5,31.7,29.2,28.2,27.7
1508,50.1,41.0,35.5,31.7,29.2,28.1,27.7
1510,50.1,41.1,35.5,31.7,29.2,28.1,27.7
1512,50.1,41.1,35.5,31.7,29.2,28.1,27.7
1514,50.1,41.1,35.5,31.7,29.2,28.1,27.7
1516,50.1,41.1,35.5,31.8,29.2,28.1,27.7
1518,50.1,41.1,35.5,31.8,29.2,28.1,27.7
1520,50.1,41.1,35.6,31.8,29.2,28.1,27.7
1522,50.1,41.1,35.6,31.8,29.2,28.1,27.7
1524,50.1,41.1,35.5,31.8,29.3,28.2,27.7
1526,50.2,41.1,35.5,31.8,29.3,28.2,27.7
1528,50.2,41.1,35.5,31.8,29.3,28.2,27.7
1530,50.2,41.1,35.5,31.8,29.3,28.2,27.8
1532,50.2,41.2,35.5,31.8,29.3,28.2,27.8
1534,50.2,41.2,35.5,31.8,29.3,28.2,27.8
1536,50.2,41.2,35.5,31.8,29.3,28.2,27.8
1538,50.2,41.2,35.5,31.8,29.3,28.2,27.8
1540,50.2,41.2,35.5,31.8,29.3,28.2,27.8
1542,50.2,41.2,35.5,31.8,29.4,28.2,27.8
1544,50.2,41.2,35.5,31.8,29.3,28.3,27.8
1546,50.2,41.2,35.5,31.8,29.3,28.3,27.8
1548,50.3,41.2,35.5,31.8,29.3,28.3,27.8
1550,50.3,41.3,35.6,31.8,29.3,28.2,27.7
1552,50.3,41.2,35.6,31.9,29.3,28.2,27.8
1554,50.3,41.2,35.6,31.9,29.3,28.3,27.8
1556,50.3,41.2,35.6,31.9,29.2,28.3,27.8
1558,50.3,41.2,35.6,31.9,29.2,28.3,27.8
1560,50.3,41.2,35.6,31.8,29.2,28.3,27.8
1562,50.3,41.2,35.6,31.9,29.2,28.3,27.8
1564,50.3,41.2,35.6,31.8,29.2,28.3,27.8
1566,50.3,41.3,35.6,31.9,29.3,28.3,27.8
1568,50.3,41.3,35.7,31.8,29.3,28.3,27.8
1570,50.4,41.3,35.7,31.9,29.3,28.3,27.8
1572,50.4,41.3,35.7,31.9,29.3,28.3,27.8
1574,50.4,41.3,35.7,31.9,29.3,28.3,27.8
1576,50.4,41.3,35.7,31.9,29.4,28.3,27.8
1578,50.4,41.3,35.7,32.0,29.4,28.3,27.9
1580,50.4,41.4,35.7,32.0,29.4,28.3,27.9
1582,50.4,41.4,35.7,32.0,29.4,28.3,27.9
1584,50.3,41.3,35.7,32.0,29.4,28.3,27.8
1586,50.3,41.3,35.7,32.0,29.4,28.3,27.8
1588,50.4,41.2,35.7,32.0,29.5,28.3,27.9
1590,50.4,41.3,35.7,32.0,29.5,28.3,27.9
1592,50.5,41.4,35.7,32.0,29.5,28.3,27.9
1594,50.5,41.4,35.8,32.0,29.5,28.4,27.9
1596,50.5,41.4,35.8,32.0,29.5,28.4,27.9
1598,50.5,41.5,35.8,32.0,29.4,28.4,27.9
1600,50.5,41.5,35.8,32.0,29.4,28.4,27.9
1602,50.5,41.5,35.8,32.0,29.4,28.4,27.9
1604,50.5,41.5,35.8,32.0,29.4,28.3,27.9
1606,50.5,41.5,35.8,32.0,29.4,28.3,27.9
1608,50.5,41.4,35.8,32.0,29.4,28.3,27.9
1610,50.6,41.4,35.8,32.0,29.4,28.4,27.9
1612,50.6,41.4,35.8,32.0,29.4,28.4,27.9
1614,50.6,41.5,35.8,32.0,29.4,28.4,27.9
1616,50.6,41.4,35.8,32.0,29.4,28.4,27.9
1618,50.6,41.4,35.8,32.0,29.4,28.4,27.9
1620,50.6,41.3,35.7,32.0,29.4,28.4,27.9
1622,50.5,41.2,35.7,32.0,29.3,28.4,27.9
1624,50.5,41.2,35.6,31.9,29.3,28.3,27.9
1626,50.5,41.3,35.6,31.9,29.3,28.3,27.9
1628,50.5,41.3,35.6,31.9,29.3,28.3,27.9
1630,50.5,41.3,35.7,31.9,29.3,28.3,27.9
1632,50.6,41.4,35.7,32.0,29.3,28.3,27.9
1634,50.6,41.4,35.7,32.0,29.4,28.4,28.0
1636,50.6,41.4,35.8,32.0,29.4,28.4,28.0
1638,50.6,41.5,35.8,32.0,29.4,28.4,28.0
1640,50.6,41.5,35.8,32.0,29.4,28.4,28.0
1642,50.6,41.5,35.9,32.0,29.5,28.4,28.0
1644,50.6,41.5,35.9,32.1,29.5,28.4,28.0
1646,50.7,41.5,35.8,32.1,29.5,28.4,28.0
1648,50.6,41.4,35.8,32.1,29.5,28.4,28.0
1650,50.7,41.3,35.8,32.0,29.5,28.4,27.9
1652,50.7,41.4,35.7,32.0,29.4,28.4,28.0
1654,50.7,41.4,35.8,32.0,29.5,28.4,28.0
1656,50.7,41.5,35.8,32.1,29.5,28.4,28.0
1658,50.7,41.5,35.8,32.1,29.5,28.4,28.0
1660,50.7,41.5,35.8,32.1,29.5,28.4,28.0
1662,50.7,41.5,35.8,32.0,29.5,28.4,28.0
1664,50.7,41.5,35.8,32.0,29.5,28.4,28.0
1666,50.7,41.6,35.9,32.0,29.6,28.4,28.0
1668,50.7,41.6,35.8,32.0,29.6,28.4,28.0
1670,50.7,41.6,35.8,32.1,29.6,28.4,28.0
1672,50.7,41.6,35.7,32.1,29.6,28.5,28.0
1674,50.8,41.6,35.7,32.1,29.6,28.5,28.0
1676,50.8,41.6,35.8,32.1,29.5,28.5,28.0
1678,50.8,41.6,35.9,32.0,29.5,28.5,28.0
1680,50.8,41.5,35.9,32.0,29.5,28.5,28.0
1682,50.8,41.6,35.9,32.0,29.4,28.5,28.0
1684,50.8,41.6,35.9,32.0,29.4,28.5,28.0
1686,50.8,41.6,35.9,32.0,29.4,28.5,28.0
1688,50.8,41.6,35.9,32.1,29.5,28.5,28.0
1690,50.8,41.6,35.9,32.1,29.5,28.5,28.0
1692,50.8,41.6,35.9,32.1,29.5,28.5,28.0
1694,50.8,41.6,35.8,32.1,29.5,28.5,28.0
1696,50.8,41.6,35.8,32.1,29.5,28.5,28.0
1698,50.9,41.6,35.9,32.1,29.5,28.5,28.0
1700,50.9,41.6,35.9,32.1,29.5,28.5,28.1
1702,50.9,41.6,35.9,32.1,29.5,28.5,28.1
1704,50.8,41.6,35.9,32.1,29.5,28.5,28.1
1706,50.8,41.6,35.9,32.1,29.5,28.5,28.1
1708,50.9,41.7,35.9,32.1,29.5,28.5,28.1
1710,50.9,41.7,36.0,32.1,29.5,28.5,28.1
1712,50.9,41.7,36.0,32.1,29.5,28.5,28.1
1714,50.9,41.7,36.0,32.2,29.6,28.5,28.1
1716,50.9,41.7,36.0,32.2,29.6,28.5,28.1
1718,50.9,41.7,36.0,32.2,29.6,28.5,28.1
1720,50.9,41.7,35.9,32.2,29.6,28.5,28.1
1722,50.9,41.7,35.9,32.2,29.6,28.5,28.1
1724,50.9,41.6,35.9,32.2,29.6,28.5,28.1
1726,50.9,41.6,35.9,32.2,29.6,28.6,28.1
1728,51.0,41.6,35.9,32.2,29.6,28.6,28.1
1730,51.0,41.6,36.0,32.2,29.6,28.6,28.1
1732,51.0,41.6,36.0,32.2,29.6,28.6,28.1
1734,51.0,41.6,36.0,32.2,29.6,28.6,28.1
1736,51.0,41.6,36.0,32.2,29.6,28.6,28.1
1738,50.9,41.6,36.0,32.2,29.6,28.5,28.1
1740,50.9,41.6,36.0,32.2,29.6,28.5,28.1
1742,50.9,41.7,36.0,32.2,29.6,28.5,28.1
1744,51.0,41.7,36.0,32.2,29.6,28.6,28.1
1746,51.0,41.7,36.0,32.2,29.6,28.6,28.1
1748,51.0,41.7,36.0,32.2,29.6,28.6,28.1
1750,51.0,41.7,36.0,32.2,29.6,28.6,28.1
1752,51.0,41.7,36.0,32.2,29.6,28.5,28.1
1754,51.0,41.7,36.0,32.2,29.6,28.5,28.1
1756,51.0,41.7,36.0,32.2,29.6,28.6,28.1
1758,51.0,41.7,36.0,32.2,29.6,28.6,28.1
1760,51.0,41.7,36.0,32.2,29.6,28.6,28.1
1762,51.0,41.7,36.0,32.2,29.6,28.6,28.1
1764,51.0,41.7,36.0,32.2,29.6,28.6,28.1
1766,51.0,41.7,36.0,32.2,29.6,28.6,28.1
1768,51.0,41.7,36.0,32.2,29.6,28.6,28.1
1770,51.0,41.7,36.0,32.2,29.5,28.6,28.1
1772,51.0,41.7,36.0,32.2,29.5,28.5,28.1
1774,51.0,41.7,36.0,32.2,29.5,28.5,28.1
1776,51.0,41.7,36.0,32.2,29.6,28.5,28.1
1778,51.0,41.7,36.0,32.2,29.6,28.5,28.1
1780,51.0,41.8,36.0,32.2,29.6,28.6,28.1
1782,51.0,41.8,36.0,32.2,29.6,28.6,28.1
1784,51.0,41.8,36.0,32.2,29.6,28.6,28.2
1786,51.1,41.8,36.0,32.3,29.6,28.6,28.2
1788,51.1,41.8,36.1,32.3,29.6,28.6,28.1
1790,51.1,41.9,36.1,32.3,29.6,28.6,28.2
1792,51.1,41.9,36.1,32.3,29.6,28.6,28.2
1794,51.1,41.8,36.2,32.3,29.7,28.6,28.2
1796,51.1,41.8,36.2,32.3,29.7,28.6,28.2
1798,51.1,41.8,36.1,32.3,29.7,28.6,28.1
1800,51.1,41.8,36.1,32.3,29.7,28.6,28.1
1802,51.1,41.8,36.1,32.3,29.6,28.6,28.1
1804,51.1,41.8,36.0,32.3,29.7,28.6,28.1
1806,51.2,41.8,36.0,32.3,29.7,28.6,28.2
1808,51.2,41.8,36.0,32.3,29.7,28.7,28.2
1810,51.2,41.8,36.1,32.3,29.8,28.7,28.2
1812,51.2,41.9,36.1,32.3,29.8,28.7,28.2
1814,51.2,41.9,36.1,32.3,29.8,28.7,28.2
1816,51.2,41.9,36.1,32.4,29.8,28.7,28.2
1818,51.2,41.9,36.2,32.4,29.8,28.7,28.2
1820,51.2,41.9,36.2,32.4,29.8,28.7,28.2
1822,51.2,41.9,36.2,32.4,29.8,28.7,28.2
1824,51.2,41.9,36.2,32.4,29.8,28.7,28.2
1826,51.2,41.9,36.2,32.4,29.8,28.7,28.3
1828,51.2,41.9,36.2,32.4,29.8,28.7,28.3
1830,51.2,41.9,36.2,32.4,29.8,28.7,28.3
1832,51.2,41.9,36.2,32.4,29.8,28.7,28.2
1834,51.2,42.0,36.2,32.4,29.7,28.7,28.2
1836,51.2,41.9,36.2,32.4,29.8,28.7,28.2
1838,51.3,41.9,36.2,32.4,29.8,28.7,28.2
1840,51.3,41.9,36.2,32.4,29.7,28.7,28.2
1842,51.3,41.9,36.2,32.4,29.7,28.7,28.2
1844,51.3,41.9,36.2,32.4,29.7,28.7,28.2
1846,51.3,41.9,36.2,32.3,29.7,28.7,28.3
1848,51.3,41.9,36.2,32.3,29.7,28.7,28.2
1850,51.3,41.9,36.2,32.3,29.7,28.7,28.2
1852,51.3,42.0,36.2,32.4,29.7,28.7,28.2
1854,51.3,42.0,36.2,32.4,29.7,28.7,28.2
1856,51.3,42.0,36.2,32.4,29.7,28.7,28.2
1858,51.3,42.0,36.2,32.4,29.7,28.7,28.2
1860,51.3,42.0,36.2,32.4,29.7,28.7,28.2
1862,51.4,42.0,36.1,32.4,29.8,28.7,28.2
1864,51.4,42.1,36.2,32.4,29.8,28.7,28.2
1866,51.4,42.1,36.2,32.4,29.8,28.7,28.3
1868,51.4,42.0,36.2,32.4,29.8,28.7,28.3
1870,51.4,42.0,36.2,32.4,29.8,28.7,28.3
1872,51.4,42.0,36.2,32.4,29.8,28.7,28.3
1874,51.4,42.0,36.2,32.4,29.8,28.7,28.3
1876,51.4,42.0,36.2,32.4,29.8,28.8,28.3
1878,51.4,42.0,36.2,32.4,29.8,28.8,28.3
1880,51.4,42.0,36.2,32.4,29.8,28.7,28.3
1882,51.3,42.0,36.2,32.4,29.8,28.8,28.3
1884,51.3,42.0,36.2,32.4,29.8,28.8,28.3
1886,51.3,42.0,36.2,32.4,29.8,28.8,28.3
1888,51.4,42.0,36.3,32.4,29.8,28.8,28.3
1890,51.4,42.0,36.3,32.4,29.8,28.8,28.3
1892,51.4,42.0,36.3,32.4,29.9,28.8,28.3
1894,51.4,42.0,36.4,32.4,29.8,28.8,28.3
1896,51.4,42.1,36.4,32.4,29.8,28.8,28.3
1898,51.4,42.1,36.4,32.5,29.8,28.8,28.3
1900,51.5,42.1,36.3,32.5,29.8,28.8,28.3
1902,51.5,42.1,36.3,32.5,29.8,28.8,28.3
1904,51.5,42.1,36.2,32.5,29.8,28.8,28.3
1906,51.5,42.1,36.2,32.5,29.9,28.8,28.3
1908,51.5,42.1,36.2,32.5,29.9,28.8,28.3
1910,51.5,42.1,36.3,32.5,29.9,28.8,28.3
1912,51.5,42.1,36.3,32.5,29.9,28.8,28.3
1914,51.5,42.1,36.3,32.5,29.9,28.8,28.3
1916,51.5,42.1,36.3,32.5,29.9,28.8,28.4
1918,51.5,42.0,36.2,32.4,29.8,28.8,28.3
1920,51.5,42.0,36.2,32.4,29.8,28.8,28.3
1922,51.5,42.1,36.2,32.4,29.8,28.8,28.3
1924,51.6,42.1,36.2,32.4,29.8,28.7,28.3
1926,51.6,42.1,36.3,32.4,29.8,28.8,28.3
1928,51.6,42.1,36.3,32.4,29.8,28.7,28.3
1930,51.6,42.1,36.3,32.4,29.8,28.7,28.3
1932,51.6,42.1,36.3,32.4,29.8,28.7,28.3
1934,51.6,42.2,36.3,32.4,29.8,28.7,28.3
1936,51.6,42.2,36.3,32.4,29.8,28.7,28.3
1938,51.6,42.2,36.3,32.4,29.8,28.7,28.3
1940,51.6,42.1,36.3,32.4,29.8,28.7,28.3
1942,51.6,42.1,36.3,32.4,29.8,28.8,28.3
1944,51.6,42.1,36.3,32.4,29.8,28.8,28.3
1946,51.6,42.2,36.3,32.5,29.8,28.8,28.3
1948,51.6,42.2,36.4,32.5,29.8,28.8,28.3
1950,51.6,42.2,36.4,32.5,29.8,28.8,28.3
1952,51.6,42.2,36.4,32.5,29.9,28.8,28.3
1954,51.6,42.2,36.4,32.5,29.8,28.8,28.3
1956,51.6,42.2,36.4,32.5,29.8,28.8,28.3
1958,51.6,42.3,36.4,32.5,29.8,28.8,28.3
1960,51.6,42.3,36.4,32.5,29.8,28.8,28.3
1962,51.6,42.3,36.4,32.5,29.8,28.8,28.3
1964,51.7,42.3,36.4,32.5,29.9,28.8,28.3
1966,51.7,42.3,36.4,32.6,29.9,28.8,28.3
1968,51.7,42.2,36.4,32.6,29.9,28.8,28.4
1970,51.7,42.2,36.4,32.5,29.9,28.8,28.4
1972,51.7,42.2,36.4,32.5,29.9,28.8,28.4
1974,51.7,42.2,36.4,32.5,29.9,28.8,28.4
1976,51.7,42.3,36.4,32.5,29.9,28.8,28.4
1978,51.7,42.3,36.5,32.5,29.9,28.8,28.4
1980,51.7,42.3,36.5,32.5,29.9,28.8,28.4
1982,51.7,42.3,36.5,32.5,29.9,28.8,28.4
1984,51.7,42.3,36.4,32.5,29.9,28.8,28.4
1986,51.7,42.3,36.4,32.5,29.9,28.8,28.4
1988,51.7,42.3,36.4,32.6,29.9,28.8,28.4
1990,51.8,42.3,36.4,32.6,29.9,28.8,28.4
1992,51.7,42.3,36.4,32.6,29.9,28.8,28.4
1994,51.7,42.3,36.4,32.6,29.9,28.8,28.4
1996,51.7,42.3,36.4,32.5,29.9,28.8,28.4
1998,51.7,42.2,36.4,32.5,29.9,28.8,28.4
2000,51.7,42.2,36.4,32.5,29.9,28.8,28.4
2002,51.7,42.2,36.4,32.5,29.9,28.8,28.4
2004,51.7,42.2,36.4,32.5,29.9,28.8,28.4
2006,51.7,42.2,36.4,32.5,29.9,28.8,28.4
2008,51.7,42.2,36.4,32.5,29.9,28.8,28.4
2010,51.7,42.2,36.4,32.5,29.9,28.8,28.4
2012,51.7,42.2,36.4,32.5,29.9,28.8,28.4
2014,51.7,42.2,36.4,32.5,29.9,28.8,28.4
2016,51.7,42.2,36.4,32.5,29.9,28.8,28.4
2018,51.7,42.2,36.4,32.5,29.9,28.8,28.4
2020,51.7,42.2,36.4,32.5,29.9,28.8,28.4
2022,51.7,42.2,36.4,32.5,29.9,28.8,28.4
2024,51.7,42.2,36.4,32.5,29.9,28.8,28.4
2026,51.7,42.2,36.4,32.5,29.9,28.8,28.4
2028,51.7,42.2,36.4,32.5,29.9,28.8,28.4
2030,51.7,42.2,36.4,32.5,29.9,28.8,28.4
2032,51.7,42.2,36.4,32.5,29.9,28.8,28.4
2034,51.7,42.2,36.4,32.5,29.9,28.8,28.4
2036,51.7,42.2,36.4,32.5,29.9,28.8,28.4
